<?xml version="1.0" encoding="utf-8" standalone="yes"?>
<rss version="2.0" xmlns:atom="http://www.w3.org/2005/Atom">
  <channel>
    <title>Play Dead or Alive Online in Canada | Top Wild West Slot Experience on Dead or Alive Game</title>
    <link>https://deadoralivesaloon.org/privacy-policy/</link>
    <description>Recent content in Play Dead or Alive Online in Canada | Top Wild West Slot Experience on Dead or Alive Game</description>
    <generator>Hugo</generator>
    <language>en</language>
    <lastBuildDate></lastBuildDate>
    <atom:link href="https://deadoralivesaloon.org/privacy-policy/index.xml" rel="self" type="application/rss+xml" />
  </channel>
</rss>
