<?xml version="1.0" encoding="utf-8" standalone="yes"?>
<rss version="2.0" xmlns:atom="http://www.w3.org/2005/Atom">
  <channel>
    <title>Dead or Alive Slot Game Canada | Features, Theme &amp; Big Win Potential on Dead or Alive Game</title>
    <link>https://deadoralivesaloon.org/game/</link>
    <description>Recent content in Dead or Alive Slot Game Canada | Features, Theme &amp; Big Win Potential on Dead or Alive Game</description>
    <generator>Hugo</generator>
    <language>en</language>
    <lastBuildDate></lastBuildDate>
    <atom:link href="https://deadoralivesaloon.org/game/index.xml" rel="self" type="application/rss+xml" />
  </channel>
</rss>
